first_name,last_name,total_spending
David,Rodriguez,1282.990005493164
James,Gonzalez,1277.8700008392334
Kevin,Powell,1222.7000017166138
Kristina,Cohen,1081.9500007629395
Timothy,Shelton,1075.4899997711182
